{"train_loss": [0.11599382437454067, 0.10776710723866546, 0.10756570931275528, 0.10739131744367186, 0.10668666942233557, 0.10693858115271833, 0.10664658419053051, 0.10641358537730834, 0.10671710938945332], "val_loss": [1.1285943442293445, 1.140914965811593, 1.163484520562317, 1.0486893355846405, 1.0602754494342048, 1.16035169081005, 1.0938828564284708, 1.0935951585659895, 1.0612043992180349], "train_accuracy": [67.46462389615917, 69.68826470901159, 69.67762527928502, 69.67762527928502, 69.67762527928502, 69.68826470901159, 69.68826470901159, 69.68826470901159, 69.67762527928502], "val_accuracy": [69.65046888320546, 69.56521739130434, 69.56521739130434, 69.65046888320546, 69.65046888320546, 69.56521739130434, 69.65046888320546, 69.56521739130434, 69.65046888320546]}