{"train_loss": [0.9830665805814217, 0.8294742815956777, 0.7318317662848501, 0.6575810264061097, 0.5918660918314035, 0.5116377933090236, 0.4563376570158467, 0.409620508184137, 0.36341683132586633, 0.32888266201555527, 0.2835792444811082, 0.2634987556217175, 0.22437002596312336, 0.21196463478564406], "val_loss": [0.853749272992482, 0.7980201099369977, 0.7653076487618524, 0.7163753702833846, 0.7459283767117036, 0.6526649767482603, 0.6466178280880323, 0.659518433432724, 0.6124874488324732, 0.6537174791903109, 0.6519124063386305, 0.6501461733132601, 0.6554823324487016, 0.7347197620248472], "train_accuracy": [70.93617021276596, 74.12765957446808, 76.92553191489361, 78.62765957446808, 80.24468085106383, 82.41489361702128, 84.06382978723404, 85.65957446808511, 87.23404255319149, 88.7127659574468, 89.93617021276596, 90.96808510638297, 91.93617021276596, 92.85106382978724], "val_accuracy": [74.04255319148936, 75.74468085106383, 75.65957446808511, 78.2127659574468, 76.42553191489361, 80.42553191489361, 80.76595744680851, 79.57446808510639, 82.97872340425532, 83.06382978723404, 83.74468085106383, 84.17021276595744, 85.02127659574468, 84.76595744680851]}